{"is_source_file": true, "format": "JavaScript (React JSX)", "description": "This file defines the HabitsPage React component which manages the display and CRUD actions for habits in the habit tracker application. It includes state management, rendering habit cards, and modal dialogs for adding and editing habits.", "external_files": ["../app/store/store", "../app/store/selectors", "../components/habits/HabitCard", "../components/common/Modal", "../components/habits/HabitForm"], "external_methods": ["useAppActions", "useAppState", "selectActiveHabits", "selectCategories"], "published": ["HabitsPage"], "classes": [], "methods": [{"name": "HabitsPage()", "description": "React functional component rendering the habits management page with CRUD operations.", "scope": "", "scopeKind": ""}], "calls": ["useAppState", "useAppActions", "selectActiveHabits", "selectCategories", "useMemo", "useState", "setEditing", "setModalOpen", "actions.updateHabit", "actions.createHabit", "actions.archiveHabit", "actions.deleteHabit", "HabitCard", "Modal", "HabitForm"], "search-terms": ["HabitsPage", "habit management", "React component", "habit CRUD", "modal dialog", "habit categories"], "state": 2, "file_id": 39, "knowledge_revision": 81, "git_revision": "", "ctags": [{"_type": "tag", "name": "HabitsPage", "path": "/home/kavia/workspace/code-generation/habit-tracker-pro-201229-201238/frontend_react_app/src/pages/HabitsPage.jsx", "pattern": "/^export default function HabitsPage() {$/", "language": "JavaScript", "kind": "function", "signature": "()"}], "hash": "c7c8aeb60e4944f02bd83dd8d6999ec7", "format-version": 4, "code-base-name": "frontend_react_app", "filename": "frontend_react_app/src/pages/HabitsPage.jsx", "revision_history": [{"81": ""}]}