{"is_source_file": true, "format": "JavaScript (React JSX)", "description": "React component HabitCard that presents a habit with optional actions, subtitle, and additional content. It displays habit details with stylings based on the habit's color property.", "external_files": [], "external_methods": [], "published": ["HabitCard"], "classes": [], "methods": [{"name": "HabitCard({ habit, children, actions, subtitle, })", "description": "Functional React component rendering a habit card with optional actions, subtitle, and children content.", "scope": "", "scopeKind": ""}], "calls": ["React", "React.createElement", "React.Fragment"], "search-terms": ["HabitCard", "react component", "habit presentation", "habit color", "props: habit, children, actions, subtitle"], "state": 2, "file_id": 34, "knowledge_revision": 72, "git_revision": "", "ctags": [{"_type": "tag", "name": "HabitCard", "path": "/home/kavia/workspace/code-generation/habit-tracker-pro-201229-201238/frontend_react_app/src/components/habits/HabitCard.jsx", "pattern": "/^export default function HabitCard({$/", "language": "JavaScript", "kind": "function", "signature": "({ habit, children, actions, subtitle, })"}], "hash": "a654fd94a205b0b29e3c87b92c84e164", "format-version": 4, "code-base-name": "frontend_react_app", "filename": "frontend_react_app/src/components/habits/HabitCard.jsx", "revision_history": [{"72": ""}]}