{"is_source_file": false, "format": "", "description": "", "external_files": [], "external_methods": [], "published": [], "classes": [], "methods": [], "calls": [], "search-terms": [], "state": 2, "file_id": 29, "knowledge_revision": 94, "git_revision": "7ac1316f91ebdb9d9a7ad878a0af8b8b87f234ea", "hash": "7ac2607c6ed0a41170ebb7a2554eee6e", "format-version": 4, "code-base-name": "frontend_react_app", "filename": "frontend_react_app/src/styles/components.css", "revision_history": [{"94": "7ac1316f91ebdb9d9a7ad878a0af8b8b87f234ea"}]}