{"is_source_file": true, "format": "JavaScript/React JSX", "description": "This file defines a React functional component named 'Modal' which renders a modal dialog with accessible features including focus trapping and keyboard handling.", "external_files": ["react"], "external_methods": ["React.useRef", "React.useEffect"], "published": ["default"], "classes": [], "methods": [{"name": "Modal({ open, title, children, onClose })", "description": "React functional component that renders an accessible modal dialog, handling focus and keyboard interactions.", "scope": "", "scopeKind": ""}], "calls": ["window.addEventListener", "window.removeEventListener", "closeBtnRef.current.focus()"], "search-terms": ["React", "Modal", "accessible modal", "useRef", "useEffect", "keyboard handling", "focus trap"], "state": 2, "file_id": 31, "knowledge_revision": 65, "git_revision": "", "ctags": [{"_type": "tag", "name": "Modal", "path": "/home/kavia/workspace/code-generation/habit-tracker-pro-201229-201238/frontend_react_app/src/components/common/Modal.jsx", "pattern": "/^export default function Modal({ open, title, children, onClose }) {$/", "language": "JavaScript", "kind": "function", "signature": "({ open, title, children, onClose })"}], "hash": "dc5c4c63557a1dc4c6e15a0f7576655d", "format-version": 4, "code-base-name": "frontend_react_app", "filename": "frontend_react_app/src/components/common/Modal.jsx", "revision_history": [{"65": ""}]}