{"is_source_file": false, "format": "", "description": "", "external_files": [], "external_methods": [], "published": [], "classes": [], "methods": [], "calls": [], "search-terms": [], "state": 2, "file_id": 8, "knowledge_revision": 21, "git_revision": "e883b495820018757620960734f61b0a80527aad", "ctags": [], "hash": "1a77571e1a8cf36018a41bcedf60db75", "format-version": 4, "code-base-name": "frontend_react_app", "filename": "frontend_react_app/src/setupTests.js", "revision_history": [{"21": "e883b495820018757620960734f61b0a80527aad"}]}