{"is_source_file": true, "format": "JavaScript/React JSX", "description": "React component for displaying a weekly completion rate chart using recharts library.", "external_files": ["react", "recharts"], "external_methods": ["React", "ResponsiveContainer", "LineChart", "Line", "XAxis", "YAxis", "Tooltip", "CartesianGrid"], "published": ["WeeklyChart"], "classes": [], "methods": [{"name": "WeeklyChart({ data })", "description": "React functional component that renders a weekly trend line chart based on provided data.", "scope": "", "scopeKind": ""}], "calls": ["React", "ResponsiveContainer", "LineChart", "CartesianGrid", "XAxis", "YAxis", "Tooltip", "Line"], "search-terms": ["WeeklyChart", "recharts", "LineChart", "completionRate", "React component"], "state": 2, "file_id": 35, "knowledge_revision": 73, "git_revision": "", "ctags": [{"_type": "tag", "name": "WeeklyChart", "path": "/home/kavia/workspace/code-generation/habit-tracker-pro-201229-201238/frontend_react_app/src/components/analytics/WeeklyChart.jsx", "pattern": "/^export default function WeeklyChart({ data }) {$/", "language": "JavaScript", "kind": "function", "signature": "({ data })"}], "hash": "88d3aba5f4ba9c0e812d5f0ed1479982", "format-version": 4, "code-base-name": "frontend_react_app", "filename": "frontend_react_app/src/components/analytics/WeeklyChart.jsx", "revision_history": [{"73": ""}]}