{"is_source_file": true, "format": "JavaScript", "description": "This file contains configuration utilities for a React frontend application, including functions to parse environment variables and expose configuration settings and feature flags.", "external_files": ["process.env", "react environment variables", "JSON"], "external_methods": ["JSON.parse"], "published": ["getAppConfig", "isFeatureEnabled"], "classes": [], "methods": [{"name": "parseBooleanish", "description": "Parses a string value into a boolean, with a default fallback."}, {"name": "safeParseJson", "description": "Safely parses a JSON string, falling back to a provided value on error."}, {"name": "getAppConfig()", "description": "Retrieves and normalizes application configuration from environment variables.", "scope": "", "scopeKind": ""}, {"name": "isFeatureEnabled(config, flagName)", "description": "Checks whether a specific feature flag is enabled based on the configuration.", "scope": "", "scopeKind": ""}], "calls": ["JSON.parse", "process.env.REACT_APP_FEATURE_FLAGS", "process.env.REACT_APP_NODE_ENV", "process.env.NODE_ENV", "process.env.REACT_APP_LOG_LEVEL", "parseBooleanish"], "search-terms": ["app config", "environment variables", "feature flags", "REACT_APP", "configuration utility"], "state": 2, "file_id": 13, "knowledge_revision": 28, "git_revision": "", "ctags": [{"_type": "tag", "name": "getAppConfig", "path": "/home/kavia/workspace/code-generation/habit-tracker-pro-201229-201238/frontend_react_app/src/app/config.js", "pattern": "/^export function getAppConfig() {$/", "language": "JavaScript", "kind": "function", "signature": "()"}, {"_type": "tag", "name": "isFeatureEnabled", "path": "/home/kavia/workspace/code-generation/habit-tracker-pro-201229-201238/frontend_react_app/src/app/config.js", "pattern": "/^export function isFeatureEnabled(config, flagName) {$/", "language": "JavaScript", "kind": "function", "signature": "(config, flagName)"}, {"_type": "tag", "name": "parseBooleanish", "path": "/home/kavia/workspace/code-generation/habit-tracker-pro-201229-201238/frontend_react_app/src/app/config.js", "pattern": "/^const parseBooleanish = (value, defaultValue = false) => {$/", "language": "JavaScript", "kind": "constant"}, {"_type": "tag", "name": "safeParseJson", "path": "/home/kavia/workspace/code-generation/habit-tracker-pro-201229-201238/frontend_react_app/src/app/config.js", "pattern": "/^const safeParseJson = (value, fallback) => {$/", "language": "JavaScript", "kind": "constant"}, {"_type": "tag", "name": "v", "path": "/home/kavia/workspace/code-generation/habit-tracker-pro-201229-201238/frontend_react_app/src/app/config.js", "pattern": "/^  const v = value.trim().toLowerCase();$/", "language": "JavaScript", "kind": "constant"}], "hash": "557039764c8d5fe904b1f2ac63176326", "format-version": 4, "code-base-name": "frontend_react_app", "filename": "frontend_react_app/src/app/config.js", "revision_history": [{"28": ""}]}