{"is_source_file": true, "format": "JavaScript (React JSX)", "description": "A React functional component named Drawer that renders a right-side slide-out drawer for UI with overlay and escape key handling.", "external_files": [], "external_methods": ["React.useEffect"], "published": ["default export"], "classes": [], "methods": [{"name": "Drawer({ open, title, children, onClose })", "description": "React functional component that renders a drawer UI element, handles open state, title, children content, and close interactions via overlay click and Escape key.", "scope": "", "scopeKind": ""}], "calls": ["window.addEventListener", "window.removeEventListener"], "search-terms": ["Drawer", "React", "useEffect", "drawer UI", "overlay"], "state": 2, "file_id": 32, "knowledge_revision": 66, "git_revision": "", "ctags": [{"_type": "tag", "name": "Drawer", "path": "/home/kavia/workspace/code-generation/habit-tracker-pro-201229-201238/frontend_react_app/src/components/common/Drawer.jsx", "pattern": "/^export default function Drawer({ open, title, children, onClose }) {$/", "language": "JavaScript", "kind": "function", "signature": "({ open, title, children, onClose })"}], "hash": "03ab916b1f95c6d009eeccc379c3ffa0", "format-version": 4, "code-base-name": "frontend_react_app", "filename": "frontend_react_app/src/components/common/Drawer.jsx", "revision_history": [{"66": ""}]}