{"is_source_file": true, "format": "JavaScript", "description": "This file contains IndexedDB schema migration logic for a habit tracking application. It defines database versioning, schema upgrades, and the creation of object stores and indexes during migrations.", "external_files": [], "external_methods": ["console.log", "console.info"], "published": ["DB_NAME", "DB_VERSION", "runMigrations"], "classes": [], "methods": [{"name": "runMigrations(db, oldVersion, transaction, logger)", "description": "Executes sequential schema migrations for IndexedDB, creating object stores and indexes based on the old version of the database.", "scope": "", "scopeKind": ""}], "calls": ["db.createObjectStore", "habits.createIndex", "checkins.createIndex", "categories.createIndex", "transaction.objectStore"], "search-terms": ["IndexedDB migrations", "database upgrade", "habits store", "checkins store", "categories store", "schema migrations"], "state": 2, "file_id": 16, "knowledge_revision": 35, "git_revision": "", "ctags": [{"_type": "tag", "name": "DB_NAME", "path": "/home/kavia/workspace/code-generation/habit-tracker-pro-201229-201238/frontend_react_app/src/services/db/migrations.js", "pattern": "/^export const DB_NAME = \"habitTrackerDB\";$/", "language": "JavaScript", "kind": "constant"}, {"_type": "tag", "name": "DB_VERSION", "path": "/home/kavia/workspace/code-generation/habit-tracker-pro-201229-201238/frontend_react_app/src/services/db/migrations.js", "pattern": "/^export const DB_VERSION = 2;$/", "language": "JavaScript", "kind": "constant"}, {"_type": "tag", "name": "runMigrations", "path": "/home/kavia/workspace/code-generation/habit-tracker-pro-201229-201238/frontend_react_app/src/services/db/migrations.js", "pattern": "/^export function runMigrations(db, oldVersion, transaction, logger) {$/", "language": "JavaScript", "kind": "function", "signature": "(db, oldVersion, transaction, logger)"}], "hash": "3ffd87b7c2d2850b66a0329c85fc38e7", "format-version": 4, "code-base-name": "frontend_react_app", "filename": "frontend_react_app/src/services/db/migrations.js", "revision_history": [{"35": ""}]}