{"is_source_file": true, "format": "JavaScript", "description": "This file provides utility functions for date manipulation, including formatting dates to 'YYYY-MM-DD', parsing date strings, generating date ranges, and obtaining recent days. It likely supports features in a habit-tracker or similar application that involves date calculations.", "external_files": ["date-fns"], "external_methods": ["addDays", "format", "parseISO", "startOfDay", "subDays", "isValid"], "published": ["getTodayKey", "toDayKey", "parseDayKey", "getDayKeysInRange", "getLastNDaysKeys"], "classes": [], "methods": [{"name": "formatLocalDayKey", "description": "Converts a Date object to a 'yyyy-MM-dd' formatted string using local time."}, {"name": "getTodayKey()", "description": "Returns today's date as a 'YYYY-MM-DD' string.", "scope": "", "scopeKind": ""}, {"name": "toDayKey(date)", "description": "Converts a given Date object to a local day key string.", "scope": "", "scopeKind": ""}, {"name": "parseDayKey(dayKey)", "description": "Parses a 'YYYY-MM-DD' string into a Date object, returning null if invalid.", "scope": "", "scopeKind": ""}, {"name": "getDayKeysInRange({ startKey, endKey })", "description": "Generates a list of date strings for all days within a specified range.", "scope": "", "scopeKind": ""}, {"name": "getLastNDaysKeys(n, endKey = getTodayKey())", "description": "Generates date strings for the last N days, ending at an optional end day.", "scope": "", "scopeKind": ""}], "calls": ["format", "parseISO", "isValid", "startOfDay", "addDays", "subDays"], "search-terms": ["date-fns", "getDayKeysInRange", "getLastNDaysKeys", "formatLocalDayKey", "date parsing", "date range", "day key"], "state": 2, "file_id": 15, "knowledge_revision": 32, "git_revision": "", "ctags": [{"_type": "tag", "name": "formatLocalDayKey", "path": "/home/kavia/workspace/code-generation/habit-tracker-pro-201229-201238/frontend_react_app/src/services/time/dates.js", "pattern": "/^const formatLocalDayKey = (date) => format(date, \"yyyy-MM-dd\");$/", "language": "JavaScript", "kind": "constant"}, {"_type": "tag", "name": "getDayKeysInRange", "path": "/home/kavia/workspace/code-generation/habit-tracker-pro-201229-201238/frontend_react_app/src/services/time/dates.js", "pattern": "/^export function getDayKeysInRange({ startKey, endKey }) {$/", "language": "JavaScript", "kind": "function", "signature": "({ startKey, endKey })"}, {"_type": "tag", "name": "getLastNDaysKeys", "path": "/home/kavia/workspace/code-generation/habit-tracker-pro-201229-201238/frontend_react_app/src/services/time/dates.js", "pattern": "/^export function getLastNDaysKeys(n, endKey = getTodayKey()) {$/", "language": "JavaScript", "kind": "function", "signature": "(n, endKey = getTodayKey())"}, {"_type": "tag", "name": "getTodayKey", "path": "/home/kavia/workspace/code-generation/habit-tracker-pro-201229-201238/frontend_react_app/src/services/time/dates.js", "pattern": "/^export function getTodayKey() {$/", "language": "JavaScript", "kind": "function", "signature": "()"}, {"_type": "tag", "name": "parseDayKey", "path": "/home/kavia/workspace/code-generation/habit-tracker-pro-201229-201238/frontend_react_app/src/services/time/dates.js", "pattern": "/^export function parseDayKey(dayKey) {$/", "language": "JavaScript", "kind": "function", "signature": "(dayKey)"}, {"_type": "tag", "name": "toDayKey", "path": "/home/kavia/workspace/code-generation/habit-tracker-pro-201229-201238/frontend_react_app/src/services/time/dates.js", "pattern": "/^export function toDayKey(date) {$/", "language": "JavaScript", "kind": "function", "signature": "(date)"}], "hash": "d3e38ac063fb1e458e9b5b3cf10c415b", "format-version": 4, "code-base-name": "frontend_react_app", "filename": "frontend_react_app/src/services/time/dates.js", "revision_history": [{"32": ""}]}