{"is_source_file": true, "format": "JavaScript (React JSX)", "description": "This file defines route configurations for a React application, mapping URL paths to specific page components and a fallback navigation.", "external_files": ["react", "react-router-dom", "../pages/DashboardPage", "../pages/HabitsPage", "../pages/AnalyticsPage", "../pages/ArchivePage", "../pages/SettingsPage"], "external_methods": ["Navigate", "getRoutes"], "published": ["getRoutes"], "classes": [], "methods": [{"name": "getRoutes()", "description": "Returns the route configuration array for the React app, mapping paths to components.", "scope": "", "scopeKind": ""}], "calls": ["Navigate", "DashboardPage", "HabitsPage", "AnalyticsPage", "ArchivePage", "SettingsPage"], "search-terms": ["React Routes", "route configuration", "react-router-dom", "page components", "frontend routing"], "state": 2, "file_id": 26, "knowledge_revision": 54, "git_revision": "", "ctags": [{"_type": "tag", "name": "getRoutes", "path": "/home/kavia/workspace/code-generation/habit-tracker-pro-201229-201238/frontend_react_app/src/app/routes.jsx", "pattern": "/^export function getRoutes() {$/", "language": "JavaScript", "kind": "function", "signature": "()"}], "hash": "3c4f339df62bc04fdf01dd2951449814", "format-version": 4, "code-base-name": "frontend_react_app", "filename": "frontend_react_app/src/app/routes.jsx", "revision_history": [{"54": ""}]}