{"is_source_file": true, "format": "JavaScript (React JSX)", "description": "This file defines a React component named DashboardPage, which renders the dashboard view for a habit-tracking application. It includes state management hooks, selectors for retrieving data, and rendering logic for displaying habit check-ins, streaks, and summary statistics.", "external_files": ["../app/store/store", "../app/store/selectors", "../components/habits/HabitTile", "../services/time/dates"], "external_methods": ["useAppActions", "useAppState", "selectActiveHabits", "selectCheckinsByHabitId", "selectTodayCheckinByHabitId", "computeDailyCompletion", "computeStreaksForHabit", "getTodayKey"], "published": ["DashboardPage"], "classes": [], "methods": [{"name": "DashboardPage()", "description": "React functional component rendering the habit dashboard for today, including statistics and habit tiles.", "scope": "", "scopeKind": ""}], "calls": ["useAppState", "useAppActions", "selectActiveHabits", "selectTodayCheckinByHabitId", "selectCheckinsByHabitId", "computeDailyCompletion", "getTodayKey", "computeStreaksForHabit", "toggleTodayCheckin"], "search-terms": ["DashboardPage", "habit", "streaks", "check-ins", "React component", "selector", "habit-tile", "today statistics", "habit list"], "state": 2, "file_id": 38, "knowledge_revision": 98, "git_revision": "eb1d5c1125df511c741cab74e1a553413ddd78e3", "revision_history": [{"79": ""}, {"98": "eb1d5c1125df511c741cab74e1a553413ddd78e3"}], "ctags": [{"_type": "tag", "name": "DashboardPage", "path": "/home/kavia/workspace/code-generation/habit-tracker-pro-201229-201238/frontend_react_app/src/pages/DashboardPage.jsx", "pattern": "/^export default function DashboardPage() {$/", "language": "JavaScript", "kind": "function", "signature": "()"}], "hash": "6268c530e122e93352f515203147908d", "format-version": 4, "code-base-name": "frontend_react_app", "filename": "frontend_react_app/src/pages/DashboardPage.jsx"}