{"is_source_file": true, "format": "JavaScript (JSX/React)", "description": "This file defines the main application shell component for a React web app, including layout, navigation, theme switching, and sidebar controls.", "external_files": ["./routes", "../hooks/useTheme", "./store/store", "./store/selectors", "../components/common/Drawer", "../components/common/IconButton", "react", "react-router-dom"], "external_methods": ["getRoutes", "useTheme", "useAppState", "useAppActions", "selectCategories", "setActiveCategory", "setFiltersDrawerOpen", "setNavDrawerOpen"], "published": [], "classes": [], "methods": [{"name": "AppShell()", "description": "Main functional component that renders the application layout with navigation, theme toggle, category filter sidebar, and routed content.", "scope": "", "scopeKind": ""}], "calls": ["useMemo", "getRoutes", "useTheme", "useAppState", "useAppActions", "selectCategories", "setActiveCategory", "setFiltersDrawerOpen", "setNavDrawerOpen", "NavLink", "Route", "Routes", "Drawer", "IconButton"], "search-terms": ["AppShell", "react-router-dom navigation", "category filter sidebar", "theme toggle", "responsive layout", "mobile drawer"], "state": 2, "file_id": 27, "knowledge_revision": 97, "git_revision": "7ac1316f91ebdb9d9a7ad878a0af8b8b87f234ea", "revision_history": [{"57": ""}, {"91": "eb1d5c1125df511c741cab74e1a553413ddd78e3"}, {"97": "7ac1316f91ebdb9d9a7ad878a0af8b8b87f234ea"}], "ctags": [{"_type": "tag", "name": "AppShell", "path": "/home/kavia/workspace/code-generation/habit-tracker-pro-201229-201238/frontend_react_app/src/app/AppShell.jsx", "pattern": "/^export default function AppShell() {$/", "language": "JavaScript", "kind": "function", "signature": "()"}, {"_type": "tag", "name": "Switch to ${theme === \"light\" ? \"dark\" : \"light\"} mode", "path": "/home/kavia/workspace/code-generation/habit-tracker-pro-201229-201238/frontend_react_app/src/app/AppShell.jsx", "pattern": "/^              aria-label={`Switch to ${theme === \"light\" ? \"dark\" : \"light\"} mode`}$/", "language": "JavaScript", "kind": "field", "scope": "AppShell.aria", "scopeKind": "class"}, {"_type": "tag", "name": "filtersDrawerOpen", "path": "/home/kavia/workspace/code-generation/habit-tracker-pro-201229-201238/frontend_react_app/src/app/AppShell.jsx", "pattern": "/^      <Drawer open={filtersDrawerOpen} onClose={() => setFiltersDrawerOpen(false)} title=\"Filter/", "language": "JavaScript", "kind": "field", "scope": "history.", "scopeKind": "class"}, {"_type": "tag", "name": "isActive", "path": "/home/kavia/workspace/code-generation/habit-tracker-pro-201229-201238/frontend_react_app/src/app/AppShell.jsx", "pattern": "/^const tabClass = ({ isActive }) => (isActive ? \"tablink tablink-active\" : \"tablink\");$/", "language": "JavaScript", "kind": "field", "scope": "tabClass", "scopeKind": "class"}, {"_type": "tag", "name": "tabClass", "path": "/home/kavia/workspace/code-generation/habit-tracker-pro-201229-201238/frontend_react_app/src/app/AppShell.jsx", "pattern": "/^const tabClass = ({ isActive }) => (isActive ? \"tablink tablink-active\" : \"tablink\");$/", "language": "JavaScript", "kind": "constant"}, {"_type": "tag", "name": "toggleTheme", "path": "/home/kavia/workspace/code-generation/habit-tracker-pro-201229-201238/frontend_react_app/src/app/AppShell.jsx", "pattern": "/^              onClick={toggleTheme}$/", "language": "JavaScript", "kind": "field", "scope": "AppShell.onClick", "scopeKind": "class"}], "hash": "8000f675cb1e2bd3a9d72bb8036a612b", "format-version": 4, "code-base-name": "frontend_react_app", "filename": "frontend_react_app/src/app/AppShell.jsx", "fields": [{"name": "aria-label={`Switch to ${theme === \"light\" ? \"dark\" : \"light\"} mode`}", "scope": "AppShell.aria", "scopeKind": "class", "description": "unavailable"}, {"name": "<Drawer open={filtersDrawerOpen} onClose={() => setFiltersDrawerOpen(false)} title=\"Filter/", "scope": "history.", "scopeKind": "class", "description": "unavailable"}, {"name": "const tabClass = ({ isActive }) => (isActive ? \"tablink tablink-active\" : \"tablink\");", "scope": "tabClass", "scopeKind": "class", "description": "unavailable"}, {"name": "onClick={toggleTheme}", "scope": "AppShell.onClick", "scopeKind": "class", "description": "unavailable"}]}