{"is_source_file": true, "format": "JavaScript (React JSX)", "description": "A React functional component that renders an accessible icon-style button with customizable children, click handler, ARIA label, and additional CSS classes.", "external_files": ["react"], "external_methods": ["React"], "published": ["IconButton"], "classes": [], "methods": [{"name": "IconButton({ children, onClick, ariaLabel, className = \"\" })", "description": "React functional component rendering a button element with accessibility features and customizable props.", "scope": "", "scopeKind": ""}], "calls": ["React"], "search-terms": ["IconButton", "react button", "accessible button", "React JSX component"], "state": 2, "file_id": 30, "knowledge_revision": 62, "git_revision": "", "ctags": [{"_type": "tag", "name": "IconButton", "path": "/home/kavia/workspace/code-generation/habit-tracker-pro-201229-201238/frontend_react_app/src/components/common/IconButton.jsx", "pattern": "/^export default function IconButton({ children, onClick, ariaLabel, className = \"\" }) {$/", "language": "JavaScript", "kind": "function", "signature": "({ children, onClick, ariaLabel, className = \"\" })"}], "hash": "a0a38fb92e672fa8ad932bb785ef73a2", "format-version": 4, "code-base-name": "frontend_react_app", "filename": "frontend_react_app/src/components/common/IconButton.jsx", "revision_history": [{"62": ""}]}