{"is_source_file": true, "format": "JavaScript (ECMAScript Module)", "description": "ESLint configuration file for a React project, setting parser options, global variables, rules, and plugin configurations.", "external_files": ["@eslint/js", "eslint-plugin-react"], "external_methods": [], "published": [], "classes": [], "methods": [], "calls": ["pluginJs", "pluginReact", "pluginJs.configs.recommended"], "search-terms": ["eslint", "eslint.config", "react", "jsx", "plugin", "rules", "parserOptions", "globals"], "state": 2, "file_id": 12, "knowledge_revision": 22, "git_revision": "e883b495820018757620960734f61b0a80527aad", "hash": "be6538e7523bc2e9da0743133d784136", "format-version": 4, "code-base-name": "frontend_react_app", "filename": "frontend_react_app/eslint.config.mjs", "revision_history": [{"22": "e883b495820018757620960734f61b0a80527aad"}]}