{"is_source_file": false, "format": "", "description": "", "external_files": [], "external_methods": [], "published": [], "classes": [], "methods": [], "calls": [], "search-terms": [], "state": 2, "file_id": 28, "knowledge_revision": 93, "git_revision": "eb1d5c1125df511c741cab74e1a553413ddd78e3", "hash": "97a921515ff238fd2f40906266da41f2", "format-version": 4, "code-base-name": "frontend_react_app", "filename": "frontend_react_app/src/styles/theme.css", "revision_history": [{"93": "eb1d5c1125df511c741cab74e1a553413ddd78e3"}]}