{"is_source_file": true, "format": "JavaScript (React JSX)", "description": "This file defines the React component 'HabitsPage', which serves as the main interface for managing habits in a habit tracker application. It includes local state for modal visibility and editing mode, retrieves global app state and actions via hooks, and renders a list of habit cards with options to add, edit, archive, or delete habits. It also manages the display of loading states and a modal form for habit creation and editing.", "external_files": ["../app/store/store", "../app/store/selectors", "../components/habits/HabitCard", "../components/common/Modal", "../components/habits/HabitForm"], "external_methods": ["useAppActions", "useAppState", "selectActiveHabits", "selectCategories", "actions.updateHabit", "actions.createHabit", "actions.archiveHabit", "actions.deleteHabit"], "published": [], "classes": [], "methods": [{"name": "HabitsPage()", "description": "React functional component that provides the user interface for creating, editing, archiving, and deleting habits. Handles local state for modal controls and editing context, and coordinates global state actions and selectors.", "scope": "", "scopeKind": ""}], "calls": ["useAppActions()", "useAppState()", "selectActiveHabits(state)", "selectCategories(state)", "useMemo(() => {...}, [categories])", "setModalOpen(true/false)", "setEditing(habit/null)", "actions.updateHabit(id, values)", "actions.createHabit(values)", "actions.archiveHabit(id)", "actions.deleteHabit(id)"], "search-terms": ["HabitsPage", "HabitCard", "HabitForm", "useAppActions", "useAppState", "selectActiveHabits", "selectCategories", "Modal", "habit management", "habit CRUD"], "state": 2, "file_id": 39, "knowledge_revision": 99, "git_revision": "eb1d5c1125df511c741cab74e1a553413ddd78e3", "revision_history": [{"81": ""}, {"99": "eb1d5c1125df511c741cab74e1a553413ddd78e3"}], "ctags": [{"_type": "tag", "name": "HabitsPage", "path": "/home/kavia/workspace/code-generation/habit-tracker-pro-201229-201238/frontend_react_app/src/pages/HabitsPage.jsx", "pattern": "/^export default function HabitsPage() {$/", "language": "JavaScript", "kind": "function", "signature": "()"}], "hash": "73d681e982672d213994bf1f2c985308", "format-version": 4, "code-base-name": "frontend_react_app", "filename": "frontend_react_app/src/pages/HabitsPage.jsx"}