{"is_source_file": true, "format": "JavaScript/JSX", "description": "React component for displaying and managing archived habits in the habit tracker app.", "external_files": ["../app/store/store", "../app/store/selectors", "../components/habits/HabitCard"], "external_methods": ["useAppActions", "useAppState", "selectArchivedHabits", "unarchiveHabit"], "published": [], "classes": [], "methods": [{"name": "ArchivePage()", "description": "React functional component rendering the archived habits page with options to unarchive habits.", "scope": "", "scopeKind": ""}], "calls": ["useAppState()", "useAppActions()", "selectArchivedHabits(state)", "unarchiveHabit(h.id)", "archived.map((h) => ...)"], "search-terms": ["React", "ArchivePage", "habits", "unarchive", "Archived"], "state": 2, "file_id": 40, "knowledge_revision": 83, "git_revision": "", "ctags": [{"_type": "tag", "name": "ArchivePage", "path": "/home/kavia/workspace/code-generation/habit-tracker-pro-201229-201238/frontend_react_app/src/pages/ArchivePage.jsx", "pattern": "/^export default function ArchivePage() {$/", "language": "JavaScript", "kind": "function", "signature": "()"}], "hash": "741a8203373027ddf5d37c09e41c6d0f", "format-version": 4, "code-base-name": "frontend_react_app", "filename": "frontend_react_app/src/pages/ArchivePage.jsx", "revision_history": [{"83": ""}]}