{"is_source_file": true, "format": "JavaScript", "description": "This file manages database connection logic using the 'idb' library, specifically opening a database and handling migrations within the IndexedDB API.", "external_files": ["./migrations"], "external_methods": ["runMigrations"], "published": ["getDb"], "classes": [], "methods": [{"name": "getDb(logger)", "description": "Asynchronously opens the IndexedDB database, runs migrations if needed, and updates schema version metadata.", "scope": "", "scopeKind": ""}], "calls": ["openDB", "runMigrations", "metaStore.put"], "search-terms": ["IndexedDB", "openDB", "migrations", "database connection", "db.js", "appMeta"], "state": 2, "file_id": 17, "knowledge_revision": 36, "git_revision": "", "ctags": [{"_type": "tag", "name": "getDb", "path": "/home/kavia/workspace/code-generation/habit-tracker-pro-201229-201238/frontend_react_app/src/services/db/db.js", "pattern": "/^export async function getDb(logger) {$/", "language": "JavaScript", "kind": "function", "signature": "(logger)"}], "hash": "27377e055b89692aeb2927db2023b614", "format-version": 4, "code-base-name": "frontend_react_app", "filename": "frontend_react_app/src/services/db/db.js", "revision_history": [{"36": ""}]}