{"is_source_file": false, "format": "", "description": "", "external_files": [], "external_methods": [], "published": [], "classes": [], "methods": [], "calls": [], "search-terms": [], "state": 2, "file_id": 4, "knowledge_revision": 26, "git_revision": "e883b495820018757620960734f61b0a80527aad", "hash": "399680197a5ae056d3f423a1e039e46d", "format-version": 4, "code-base-name": "frontend_react_app", "filename": "frontend_react_app/package.json", "revision_history": [{"26": "e883b495820018757620960734f61b0a80527aad"}]}