{"is_source_file": false, "format": "", "description": "", "external_files": [], "external_methods": [], "published": [], "classes": [], "methods": [], "calls": [], "search-terms": [], "state": 2, "file_id": 11, "knowledge_revision": 18, "git_revision": "e883b495820018757620960734f61b0a80527aad", "hash": "ebece526bc2eadd78ddd787a76c56607", "format-version": 4, "code-base-name": "frontend_react_app", "filename": "frontend_react_app/README.md", "revision_history": [{"18": "e883b495820018757620960734f61b0a80527aad"}]}