{"is_source_file": true, "format": "JavaScript (React/ES6) source file", "description": "This file defines a React context-based state management store for a habit-tracking application. It provides a context provider component, AppStoreProvider, which manages application state using useReducer, hydrates initial state from localStorage and external repositories, and exposes actions to manipulate habits, checkins, themes, and categories. It also includes hooks for accessing state and actions.", "external_files": ["./reducer", "./actions", "../../services/db/repositories", "../config", "../logger", "../../services/time/dates"], "external_methods": ["appReducer", "initialState", "actionTypes", "createRepositories", "getAppConfig", "createLogger", "getTodayKey", "getLastNDaysKeys"], "published": ["useAppState", "useAppActions"], "classes": [], "methods": [{"name": "AppStoreProvider({ children })", "description": "React component that provides global app state and actions via context, with initial hydration from local storage and external repositories.", "scope": "", "scopeKind": ""}, {"name": "useAppState()", "description": "Custom hook to access the app's global state from context.", "scope": "", "scopeKind": ""}, {"name": "useAppActions()", "description": "Custom hook to access the app's global actions from context.", "scope": "", "scopeKind": ""}], "calls": ["useMemo", "useReducer", "useEffect", "createLogger", "createRepositories", "getAppConfig", "localStorage.getItem", "localStorage.setItem", "dispatch", "repos.CategoriesRepo.seedDefaultsIfEmpty", "repos.HabitsRepo.listAll", "repos.CheckinsRepo.listByDateRange", "repos.HabitsRepo.create", "repos.HabitsRepo.update", "repos.HabitsRepo.remove", "repos.HabitsRepo.archive", "repos.HabitsRepo.unarchive", "repos.CheckinsRepo.toggleToday", "getTodayKey", "getLastNDaysKeys"], "search-terms": ["AppStoreProvider", "useAppState", "useAppActions", "hydration", "localStorage", "habit", "checkin", "context", "React"], "state": 2, "file_id": 24, "knowledge_revision": 50, "git_revision": "", "ctags": [{"_type": "tag", "name": "AppActionsContext", "path": "/home/kavia/workspace/code-generation/habit-tracker-pro-201229-201238/frontend_react_app/src/app/store/store.js", "pattern": "/^const AppActionsContext = createContext(null);$/", "language": "JavaScript", "kind": "constant"}, {"_type": "tag", "name": "AppStateContext", "path": "/home/kavia/workspace/code-generation/habit-tracker-pro-201229-201238/frontend_react_app/src/app/store/store.js", "pattern": "/^const AppStateContext = createContext(null);$/", "language": "JavaScript", "kind": "constant"}, {"_type": "tag", "name": "AppStoreProvider", "path": "/home/kavia/workspace/code-generation/habit-tracker-pro-201229-201238/frontend_react_app/src/app/store/store.js", "pattern": "/^export function AppStoreProvider({ children }) {$/", "language": "JavaScript", "kind": "function", "signature": "({ children })"}, {"_type": "tag", "name": "LS_KEYS", "path": "/home/kavia/workspace/code-generation/habit-tracker-pro-201229-201238/frontend_react_app/src/app/store/store.js", "pattern": "/^const LS_KEYS = {$/", "language": "JavaScript", "kind": "class"}, {"_type": "tag", "name": "activeCategoryId", "path": "/home/kavia/workspace/code-generation/habit-tracker-pro-201229-201238/frontend_react_app/src/app/store/store.js", "pattern": "/^  activeCategoryId: \"ht_activeCategoryId\",$/", "language": "JavaScript", "kind": "property", "scope": "LS_KEYS", "scopeKind": "class"}, {"_type": "tag", "name": "safeGet", "path": "/home/kavia/workspace/code-generation/habit-tracker-pro-201229-201238/frontend_react_app/src/app/store/store.js", "pattern": "/^const safeGet = (key, fallback = \"\") => {$/", "language": "JavaScript", "kind": "constant"}, {"_type": "tag", "name": "safeSet", "path": "/home/kavia/workspace/code-generation/habit-tracker-pro-201229-201238/frontend_react_app/src/app/store/store.js", "pattern": "/^const safeSet = (key, value) => {$/", "language": "JavaScript", "kind": "constant"}, {"_type": "tag", "name": "state", "path": "/home/kavia/workspace/code-generation/habit-tracker-pro-201229-201238/frontend_react_app/src/app/store/store.js", "pattern": "/^    <AppStateContext.Provider value={state}>$/", "language": "JavaScript", "kind": "field", "scope": "Provider", "scopeKind": "class"}, {"_type": "tag", "name": "theme", "path": "/home/kavia/workspace/code-generation/habit-tracker-pro-201229-201238/frontend_react_app/src/app/store/store.js", "pattern": "/^  theme: \"ht_theme\",$/", "language": "JavaScript", "kind": "property", "scope": "LS_KEYS", "scopeKind": "class"}, {"_type": "tag", "name": "useAppActions", "path": "/home/kavia/workspace/code-generation/habit-tracker-pro-201229-201238/frontend_react_app/src/app/store/store.js", "pattern": "/^export function useAppActions() {$/", "language": "JavaScript", "kind": "function", "signature": "()"}, {"_type": "tag", "name": "useAppState", "path": "/home/kavia/workspace/code-generation/habit-tracker-pro-201229-201238/frontend_react_app/src/app/store/store.js", "pattern": "/^export function useAppState() {$/", "language": "JavaScript", "kind": "function", "signature": "()"}, {"_type": "tag", "name": "v", "path": "/home/kavia/workspace/code-generation/habit-tracker-pro-201229-201238/frontend_react_app/src/app/store/store.js", "pattern": "/^    const v = localStorage.getItem(key);$/", "language": "JavaScript", "kind": "constant"}], "hash": "8c63ca88462a4e307e3d84cf91b644d5", "format-version": 4, "code-base-name": "frontend_react_app", "filename": "frontend_react_app/src/app/store/store.js", "fields": [{"name": "activeCategoryId: \"ht_activeCategoryId\",", "scope": "LS_KEYS", "scopeKind": "class", "description": "unavailable"}, {"name": "<AppStateContext.Provider value={state}>", "scope": "Provider", "scopeKind": "class", "description": "unavailable"}, {"name": "theme: \"ht_theme\",", "scope": "LS_KEYS", "scopeKind": "class", "description": "unavailable"}], "revision_history": [{"50": ""}]}