{"is_source_file": true, "format": "JavaScript (React JSX)", "description": "React component for rendering a monthly completion rate chart using recharts library. The component receives data as props and displays a styled area chart with monthly trends.", "external_files": ["react", "recharts"], "external_methods": ["ResponsiveContainer", "AreaChart", "Area", "XAxis", "YAxis", "Tooltip", "CartesianGrid"], "published": [], "classes": [], "methods": [{"name": "MonthlyChart({ data })", "description": "React functional component that renders a monthly trend line chart using recharts library.", "scope": "", "scopeKind": ""}], "calls": ["ResponsiveContainer", "AreaChart", "CartesianGrid", "XAxis", "YAxis", "Tooltip", "Area"], "search-terms": ["MonthlyChart", "recharts", "React", "AreaChart", "monthly trend", "completion rate"], "state": 2, "file_id": 36, "knowledge_revision": 74, "git_revision": "", "ctags": [{"_type": "tag", "name": "MonthlyChart", "path": "/home/kavia/workspace/code-generation/habit-tracker-pro-201229-201238/frontend_react_app/src/components/analytics/MonthlyChart.jsx", "pattern": "/^export default function MonthlyChart({ data }) {$/", "language": "JavaScript", "kind": "function", "signature": "({ data })"}], "hash": "a24daa0c83098a8dbc4b26b1d1b4368e", "format-version": 4, "code-base-name": "frontend_react_app", "filename": "frontend_react_app/src/components/analytics/MonthlyChart.jsx", "revision_history": [{"74": ""}]}