{"is_source_file": true, "format": "JavaScript (React JSX)", "description": "This file defines a React component named HeatmapGrid that renders a heatmap visualization of habit completion over a specified number of days. It processes check-in data, maps completion rates to intensity levels, and structures the data into a grid suitable for visual display with accessibility features.", "external_files": ["../../services/time/dates"], "external_methods": ["getLastNDaysKeys", "parseDayKey"], "published": ["HeatmapGrid"], "classes": [], "methods": [{"name": "levelForRate", "description": "Maps a completion rate to an intensity level between 0 and 4."}, {"name": "HeatmapGrid({ checkins, totalHabits, days = 84 })", "description": "React functional component that renders a heatmap grid based on check-in data, total habits, and days parameter.", "scope": "", "scopeKind": ""}], "calls": ["useMemo", "getLastNDaysKeys", "parseDayKey", "byDate.get", "byDate.has", "byDate.set", "Array.prototype.slice", "Array.prototype.map", "Array.prototype.filter", "Math.max"], "search-terms": ["HeatmapGrid", "react heatmap", "habit checkins", "day keys", "completions", "intensity mapping", "habit tracker visualization", "progress heatmap"], "state": 2, "file_id": 37, "knowledge_revision": 78, "git_revision": "", "ctags": [{"_type": "tag", "name": "HeatmapGrid", "path": "/home/kavia/workspace/code-generation/habit-tracker-pro-201229-201238/frontend_react_app/src/components/analytics/HeatmapGrid.jsx", "pattern": "/^export default function HeatmapGrid({ checkins, totalHabits, days = 84 }) {$/", "language": "JavaScript", "kind": "function", "signature": "({ checkins, totalHabits, days = 84 })"}, {"_type": "tag", "name": "levelForRate", "path": "/home/kavia/workspace/code-generation/habit-tracker-pro-201229-201238/frontend_react_app/src/components/analytics/HeatmapGrid.jsx", "pattern": "/^const levelForRate = (rate) => {$/", "language": "JavaScript", "kind": "constant"}], "hash": "343abd096fdb21ef6d47ac0cc160e6fa", "format-version": 4, "code-base-name": "frontend_react_app", "filename": "frontend_react_app/src/components/analytics/HeatmapGrid.jsx", "revision_history": [{"78": ""}]}