{"is_source_file": true, "format": "JavaScript", "description": "This file defines action type constants for a Redux-like state management setup in a React application, specifically for a habit tracker Pro project. It exports an object containing string constants representing different action types used within the app.", "external_files": [], "external_methods": [], "published": ["actionTypes"], "classes": [], "methods": [], "calls": [], "search-terms": ["actionTypes", " Redux", "constants", "habit tracker", "state management"], "state": 2, "file_id": 22, "knowledge_revision": 47, "git_revision": "", "ctags": [{"_type": "tag", "name": "HYDRATE_ERROR", "path": "/home/kavia/workspace/code-generation/habit-tracker-pro-201229-201238/frontend_react_app/src/app/store/actions.js", "pattern": "/^  HYDRATE_ERROR: \"HYDRATE_ERROR\",$/", "language": "JavaScript", "kind": "property", "scope": "actionTypes", "scopeKind": "class"}, {"_type": "tag", "name": "HYDRATE_START", "path": "/home/kavia/workspace/code-generation/habit-tracker-pro-201229-201238/frontend_react_app/src/app/store/actions.js", "pattern": "/^  HYDRATE_START: \"HYDRATE_START\",$/", "language": "JavaScript", "kind": "property", "scope": "actionTypes", "scopeKind": "class"}, {"_type": "tag", "name": "HYDRATE_SUCCESS", "path": "/home/kavia/workspace/code-generation/habit-tracker-pro-201229-201238/frontend_react_app/src/app/store/actions.js", "pattern": "/^  HYDRATE_SUCCESS: \"HYDRATE_SUCCESS\",$/", "language": "JavaScript", "kind": "property", "scope": "actionTypes", "scopeKind": "class"}, {"_type": "tag", "name": "REMOVE_HABIT", "path": "/home/kavia/workspace/code-generation/habit-tracker-pro-201229-201238/frontend_react_app/src/app/store/actions.js", "pattern": "/^  REMOVE_HABIT: \"REMOVE_HABIT\",$/", "language": "JavaScript", "kind": "property", "scope": "actionTypes", "scopeKind": "class"}, {"_type": "tag", "name": "SET_ACTIVE_CATEGORY", "path": "/home/kavia/workspace/code-generation/habit-tracker-pro-201229-201238/frontend_react_app/src/app/store/actions.js", "pattern": "/^  SET_ACTIVE_CATEGORY: \"SET_ACTIVE_CATEGORY\",$/", "language": "JavaScript", "kind": "property", "scope": "actionTypes", "scopeKind": "class"}, {"_type": "tag", "name": "SET_CATEGORIES", "path": "/home/kavia/workspace/code-generation/habit-tracker-pro-201229-201238/frontend_react_app/src/app/store/actions.js", "pattern": "/^  SET_CATEGORIES: \"SET_CATEGORIES\",$/", "language": "JavaScript", "kind": "property", "scope": "actionTypes", "scopeKind": "class"}, {"_type": "tag", "name": "SET_CHECKINS", "path": "/home/kavia/workspace/code-generation/habit-tracker-pro-201229-201238/frontend_react_app/src/app/store/actions.js", "pattern": "/^  SET_CHECKINS: \"SET_CHECKINS\",$/", "language": "JavaScript", "kind": "property", "scope": "actionTypes", "scopeKind": "class"}, {"_type": "tag", "name": "SET_THEME", "path": "/home/kavia/workspace/code-generation/habit-tracker-pro-201229-201238/frontend_react_app/src/app/store/actions.js", "pattern": "/^  SET_THEME: \"SET_THEME\",$/", "language": "JavaScript", "kind": "property", "scope": "actionTypes", "scopeKind": "class"}, {"_type": "tag", "name": "UPSERT_CATEGORY", "path": "/home/kavia/workspace/code-generation/habit-tracker-pro-201229-201238/frontend_react_app/src/app/store/actions.js", "pattern": "/^  UPSERT_CATEGORY: \"UPSERT_CATEGORY\",$/", "language": "JavaScript", "kind": "property", "scope": "actionTypes", "scopeKind": "class"}, {"_type": "tag", "name": "UPSERT_CHECKIN", "path": "/home/kavia/workspace/code-generation/habit-tracker-pro-201229-201238/frontend_react_app/src/app/store/actions.js", "pattern": "/^  UPSERT_CHECKIN: \"UPSERT_CHECKIN\",$/", "language": "JavaScript", "kind": "property", "scope": "actionTypes", "scopeKind": "class"}, {"_type": "tag", "name": "UPSERT_HABIT", "path": "/home/kavia/workspace/code-generation/habit-tracker-pro-201229-201238/frontend_react_app/src/app/store/actions.js", "pattern": "/^  UPSERT_HABIT: \"UPSERT_HABIT\",$/", "language": "JavaScript", "kind": "property", "scope": "actionTypes", "scopeKind": "class"}, {"_type": "tag", "name": "actionTypes", "path": "/home/kavia/workspace/code-generation/habit-tracker-pro-201229-201238/frontend_react_app/src/app/store/actions.js", "pattern": "/^export const actionTypes = {$/", "language": "JavaScript", "kind": "class"}], "hash": "9e863e86853af54ef2769fca54c63aae", "format-version": 4, "code-base-name": "frontend_react_app", "filename": "frontend_react_app/src/app/store/actions.js", "fields": [{"name": "HYDRATE_ERROR: \"HYDRATE_ERROR\",", "scope": "actionTypes", "scopeKind": "class", "description": "unavailable"}, {"name": "HYDRATE_START: \"HYDRATE_START\",", "scope": "actionTypes", "scopeKind": "class", "description": "unavailable"}, {"name": "HYDRATE_SUCCESS: \"HYDRATE_SUCCESS\",", "scope": "actionTypes", "scopeKind": "class", "description": "unavailable"}, {"name": "REMOVE_HABIT: \"REMOVE_HABIT\",", "scope": "actionTypes", "scopeKind": "class", "description": "unavailable"}, {"name": "SET_ACTIVE_CATEGORY: \"SET_ACTIVE_CATEGORY\",", "scope": "actionTypes", "scopeKind": "class", "description": "unavailable"}, {"name": "SET_CATEGORIES: \"SET_CATEGORIES\",", "scope": "actionTypes", "scopeKind": "class", "description": "unavailable"}, {"name": "SET_CHECKINS: \"SET_CHECKINS\",", "scope": "actionTypes", "scopeKind": "class", "description": "unavailable"}, {"name": "SET_THEME: \"SET_THEME\",", "scope": "actionTypes", "scopeKind": "class", "description": "unavailable"}, {"name": "UPSERT_CATEGORY: \"UPSERT_CATEGORY\",", "scope": "actionTypes", "scopeKind": "class", "description": "unavailable"}, {"name": "UPSERT_CHECKIN: \"UPSERT_CHECKIN\",", "scope": "actionTypes", "scopeKind": "class", "description": "unavailable"}, {"name": "UPSERT_HABIT: \"UPSERT_HABIT\",", "scope": "actionTypes", "scopeKind": "class", "description": "unavailable"}], "revision_history": [{"47": ""}]}