{"is_source_file": false, "format": "", "description": "", "external_files": [], "external_methods": [], "published": [], "classes": [], "methods": [], "calls": [], "search-terms": [], "state": 2, "file_id": 10, "knowledge_revision": 15, "git_revision": "e883b495820018757620960734f61b0a80527aad", "hash": "6c2104b8d219ed99234ae2d6329f4357", "format-version": 4, "code-base-name": "frontend_react_app", "filename": "frontend_react_app/src/index.css", "revision_history": [{"15": "e883b495820018757620960734f61b0a80527aad"}]}