{"is_source_file": true, "format": "JavaScript/JSX", "description": "This file defines the main application shell component for a React-based frontend, including layout, navigation, theme toggling, and category filtering sidebar.", "external_files": ["./routes", "../hooks/useTheme", "./store/store", "./store/selectors", "../components/common/Drawer", "../components/common/IconButton", "react", "react-router-dom"], "external_methods": ["useMemo", "useState", "NavLink", "Route", "Routes", "getRoutes", "useTheme", "useAppActions", "useAppState", "selectCategories"], "published": ["AppShell"], "classes": [], "methods": [{"name": "linkClass", "description": "Determines CSS class for navigation links based on active state."}, {"name": "AppShell()", "description": "Main component rendering the app layout including header, sidebar, routing, and theme toggle.", "scope": "", "scopeKind": ""}], "calls": ["useMemo", "getRoutes", "useTheme", "useAppState", "useAppActions", "selectCategories", "setActiveCategory", "setDrawerOpen", "toggleTheme"], "search-terms": ["AppShell", "React routing", "sidebar categories", "theme toggle", "react-router-dom routes", "category filter"], "state": 2, "file_id": 27, "knowledge_revision": 57, "git_revision": "", "ctags": [{"_type": "tag", "name": "AppShell", "path": "/home/kavia/workspace/code-generation/habit-tracker-pro-201229-201238/frontend_react_app/src/app/AppShell.jsx", "pattern": "/^export default function AppShell() {$/", "language": "JavaScript", "kind": "function", "signature": "()"}, {"_type": "tag", "name": "Switch to ${theme === \"light\" ? \"dark\" : \"light\"} mode", "path": "/home/kavia/workspace/code-generation/habit-tracker-pro-201229-201238/frontend_react_app/src/app/AppShell.jsx", "pattern": "/^          aria-label={`Switch to ${theme === \"light\" ? \"dark\" : \"light\"} mode`}$/", "language": "JavaScript", "kind": "field", "scope": "AppShell.aria", "scopeKind": "class"}, {"_type": "tag", "name": "isActive", "path": "/home/kavia/workspace/code-generation/habit-tracker-pro-201229-201238/frontend_react_app/src/app/AppShell.jsx", "pattern": "/^const linkClass = ({ isActive }) => (isActive ? \"navlink navlink-active\" : \"navlink\");$/", "language": "JavaScript", "kind": "field", "scope": "linkClass", "scopeKind": "class"}, {"_type": "tag", "name": "linkClass", "path": "/home/kavia/workspace/code-generation/habit-tracker-pro-201229-201238/frontend_react_app/src/app/AppShell.jsx", "pattern": "/^const linkClass = ({ isActive }) => (isActive ? \"navlink navlink-active\" : \"navlink\");$/", "language": "JavaScript", "kind": "constant"}, {"_type": "tag", "name": "toggleTheme", "path": "/home/kavia/workspace/code-generation/habit-tracker-pro-201229-201238/frontend_react_app/src/app/AppShell.jsx", "pattern": "/^          onClick={toggleTheme}$/", "language": "JavaScript", "kind": "field", "scope": "AppShell.onClick", "scopeKind": "class"}], "hash": "8a1e5c90ed71b6d2aebbd8779b3b1a38", "format-version": 4, "code-base-name": "frontend_react_app", "filename": "frontend_react_app/src/app/AppShell.jsx", "fields": [{"name": "aria-label={`Switch to ${theme === \"light\" ? \"dark\" : \"light\"} mode`}", "scope": "AppShell.aria", "scopeKind": "class", "description": "unavailable"}, {"name": "const linkClass = ({ isActive }) => (isActive ? \"navlink navlink-active\" : \"navlink\");", "scope": "linkClass", "scopeKind": "class", "description": "unavailable"}, {"name": "onClick={toggleTheme}", "scope": "AppShell.onClick", "scopeKind": "class", "description": "unavailable"}], "revision_history": [{"57": ""}]}