{"is_source_file": true, "format": "JavaScript (React hooks)", "description": "Custom React hook 'useTheme' that manages and applies theme (light/dark) to the document element, integrating with application state and actions.", "external_files": ["../app/store/store"], "external_methods": ["useAppActions", "useAppState"], "published": ["useTheme"], "classes": [], "methods": [{"name": "useTheme()", "description": "Custom React hook managing theme state and applying theme attribute to document.", "scope": "", "scopeKind": ""}], "calls": ["useEffect", "document.documentElement.setAttribute", "useAppActions", "useAppState"], "search-terms": ["useTheme", "react", "useEffect", "theme management", "dark mode", "light mode"], "state": 2, "file_id": 25, "knowledge_revision": 53, "git_revision": "", "ctags": [{"_type": "tag", "name": "useTheme", "path": "/home/kavia/workspace/code-generation/habit-tracker-pro-201229-201238/frontend_react_app/src/hooks/useTheme.js", "pattern": "/^export function useTheme() {$/", "language": "JavaScript", "kind": "function", "signature": "()"}], "hash": "d9e6a3832d34021c23f36fcb6cb6c594", "format-version": 4, "code-base-name": "frontend_react_app", "filename": "frontend_react_app/src/hooks/useTheme.js", "revision_history": [{"53": ""}]}