{"is_source_file": true, "format": "JavaScript", "description": "This file defines a logging utility that creates configurable logger objects for different log levels (error, warn, info, debug) in a React-based front-end application.", "external_files": ["console"], "external_methods": ["console.error", "console.warn", "console.info", "console.debug"], "published": ["createLogger"], "classes": [], "methods": [{"name": "createLogger(logLevel)", "description": "Creates a logger object with methods for logging error, warning, info, and debug messages, filtered by the specified log level.", "scope": "", "scopeKind": ""}], "calls": ["levelToNumber", "console.error", "console.warn", "console.info", "console.debug"], "search-terms": ["logger", "logLevel", "console", "log utility"], "state": 2, "file_id": 14, "knowledge_revision": 30, "git_revision": "", "ctags": [{"_type": "tag", "name": "LEVELS", "path": "/home/kavia/workspace/code-generation/habit-tracker-pro-201229-201238/frontend_react_app/src/app/logger.js", "pattern": "/^const LEVELS = [\"error\", \"warn\", \"info\", \"debug\"];$/", "language": "JavaScript", "kind": "constant"}, {"_type": "tag", "name": "createLogger", "path": "/home/kavia/workspace/code-generation/habit-tracker-pro-201229-201238/frontend_react_app/src/app/logger.js", "pattern": "/^export function createLogger(logLevel) {$/", "language": "JavaScript", "kind": "function", "signature": "(logLevel)"}, {"_type": "tag", "name": "idx", "path": "/home/kavia/workspace/code-generation/habit-tracker-pro-201229-201238/frontend_react_app/src/app/logger.js", "pattern": "/^  const idx = LEVELS.indexOf(String(level || \"\").toLowerCase());$/", "language": "JavaScript", "kind": "constant"}, {"_type": "tag", "name": "levelToNumber", "path": "/home/kavia/workspace/code-generation/habit-tracker-pro-201229-201238/frontend_react_app/src/app/logger.js", "pattern": "/^const levelToNumber = (level) => {$/", "language": "JavaScript", "kind": "constant"}], "hash": "4b00c1e1ee96ab3a3a422b8f9dcd7a5b", "format-version": 4, "code-base-name": "frontend_react_app", "filename": "frontend_react_app/src/app/logger.js", "revision_history": [{"30": ""}]}