{"is_source_file": true, "format": "JavaScript (React JSX)", "description": "React component for the Analytics page displaying weekly, monthly trends and heatmap visualizations using imported services and components.", "external_files": ["../app/store/store", "../app/store/selectors", "../services/time/dates", "../services/analytics/aggregateWeekly", "../services/analytics/aggregateMonthly", "../components/analytics/WeeklyChart", "../components/analytics/MonthlyChart", "../components/analytics/HeatmapGrid"], "external_methods": ["useAppState", "selectActiveHabits", "getLastNDaysKeys", "getTodayKey", "aggregateWeekly", "aggregateMonthly"], "published": ["AnalyticsPage"], "classes": [], "methods": [{"name": "AnalyticsPage()", "description": "React functional component rendering the analytics dashboard for habits, including weekly and monthly trends and heatmap.", "scope": "", "scopeKind": ""}], "calls": ["useAppState", "selectActiveHabits", "getTodayKey", "getLastNDaysKeys", "aggregateWeekly", "aggregateMonthly", "HeatmapGrid"], "search-terms": ["React Analytics dashboard", "habit trends", "weekly chart", "monthly chart", "heatmap grid", "checkins", "habits", "time aggregation"], "state": 2, "file_id": 41, "knowledge_revision": 87, "git_revision": "", "ctags": [{"_type": "tag", "name": "AnalyticsPage", "path": "/home/kavia/workspace/code-generation/habit-tracker-pro-201229-201238/frontend_react_app/src/pages/AnalyticsPage.jsx", "pattern": "/^export default function AnalyticsPage() {$/", "language": "JavaScript", "kind": "function", "signature": "()"}], "hash": "fe8f7325606db33d19b508faff6db832", "format-version": 4, "code-base-name": "frontend_react_app", "filename": "frontend_react_app/src/pages/AnalyticsPage.jsx", "revision_history": [{"87": ""}]}