{"is_source_file": false, "format": "", "description": "", "external_files": [], "external_methods": [], "published": [], "classes": [], "methods": [], "calls": [], "search-terms": [], "state": 2, "file_id": 10, "knowledge_revision": 88, "git_revision": "e883b495820018757620960734f61b0a80527aad", "hash": "278c01edbf283478390605df69f96146", "format-version": 4, "code-base-name": "frontend_react_app", "filename": "frontend_react_app/src/index.css", "revision_history": [{"88": "e883b495820018757620960734f61b0a80527aad"}]}