{"is_source_file": true, "format": "JavaScript", "description": "This file defines a function `aggregateMonthly` that aggregates habit check-in data over a month-like period, generating completion metrics per day.", "external_files": ["../time/dates"], "external_methods": ["getLastNDaysKeys"], "published": ["aggregateMonthly"], "classes": [], "methods": [{"name": "aggregateMonthly({ dayKeys, checkins, totalHabits })", "description": "Aggregates habit check-ins over a period (default last 30 days), returning an array with daily completion details including count and completion rate.", "scope": "", "scopeKind": ""}], "calls": ["getLastNDaysKeys", "Array.prototype.map", "Array.prototype.filter", "Map.prototype.has", "Map.prototype.get"], "search-terms": ["aggregateMonthly", "habit checkins", "completionRate", "dayKeys", "lastNDays"], "state": 2, "file_id": 20, "knowledge_revision": 42, "git_revision": "", "ctags": [{"_type": "tag", "name": "aggregateMonthly", "path": "/home/kavia/workspace/code-generation/habit-tracker-pro-201229-201238/frontend_react_app/src/services/analytics/aggregateMonthly.js", "pattern": "/^export function aggregateMonthly({ dayKeys, checkins, totalHabits }) {$/", "language": "JavaScript", "kind": "function", "signature": "({ dayKeys, checkins, totalHabits })"}], "hash": "bb6c34b001484a6deb9e3096eb84f63d", "format-version": 4, "code-base-name": "frontend_react_app", "filename": "frontend_react_app/src/services/analytics/aggregateMonthly.js", "revision_history": [{"42": ""}]}