{"is_source_file": true, "format": "JavaScript (JSX)", "description": "React component for the application's main shell layout, including navigation, theme toggling, and category filtering.", "external_files": ["./routes", "../hooks/useTheme", "./store/store", "./store/selectors", "../components/common/Drawer", "../components/common/IconButton", "react", "react-router-dom"], "external_methods": ["useMemo", "useState", "useTheme", "useAppState", "useAppActions", "selectCategories", "getRoutes"], "published": ["AppShell"], "classes": [], "methods": [{"name": "linkClass", "description": "Determines the CSS class for navigation links based on their active state."}, {"name": "AppShell()", "scope": "", "scopeKind": "", "description": "unavailable"}], "calls": ["useMemo", "getRoutes", "useTheme", "useAppState", "useAppActions", "selectCategories", "setActiveCategory", "setFiltersDrawerOpen", "setNavDrawerOpen"], "search-terms": ["AppShell", "NavLink", "Drawer", "useTheme", "category filters", "sidebar", "topnav", "Responsive navigation", "React React-router"], "state": 2, "file_id": 27, "knowledge_revision": 91, "git_revision": "eb1d5c1125df511c741cab74e1a553413ddd78e3", "revision_history": [{"57": ""}, {"91": "eb1d5c1125df511c741cab74e1a553413ddd78e3"}], "ctags": [{"_type": "tag", "name": "AppShell", "path": "/home/kavia/workspace/code-generation/habit-tracker-pro-201229-201238/frontend_react_app/src/app/AppShell.jsx", "pattern": "/^export default function AppShell() {$/", "language": "JavaScript", "kind": "function", "signature": "()"}, {"_type": "tag", "name": "Switch to ${theme === \"light\" ? \"dark\" : \"light\"} mode", "path": "/home/kavia/workspace/code-generation/habit-tracker-pro-201229-201238/frontend_react_app/src/app/AppShell.jsx", "pattern": "/^            aria-label={`Switch to ${theme === \"light\" ? \"dark\" : \"light\"} mode`}$/", "language": "JavaScript", "kind": "field", "scope": "AppShell.aria", "scopeKind": "class"}, {"_type": "tag", "name": "isActive", "path": "/home/kavia/workspace/code-generation/habit-tracker-pro-201229-201238/frontend_react_app/src/app/AppShell.jsx", "pattern": "/^const linkClass = ({ isActive }) => (isActive ? \"navlink navlink-active\" : \"navlink\");$/", "language": "JavaScript", "kind": "field", "scope": "linkClass", "scopeKind": "class"}, {"_type": "tag", "name": "linkClass", "path": "/home/kavia/workspace/code-generation/habit-tracker-pro-201229-201238/frontend_react_app/src/app/AppShell.jsx", "pattern": "/^const linkClass = ({ isActive }) => (isActive ? \"navlink navlink-active\" : \"navlink\");$/", "language": "JavaScript", "kind": "constant"}, {"_type": "tag", "name": "toggleTheme", "path": "/home/kavia/workspace/code-generation/habit-tracker-pro-201229-201238/frontend_react_app/src/app/AppShell.jsx", "pattern": "/^            onClick={toggleTheme}$/", "language": "JavaScript", "kind": "field", "scope": "AppShell.onClick", "scopeKind": "class"}], "hash": "d2719f280a01ff74a28a592ba07a6e2f", "format-version": 4, "code-base-name": "frontend_react_app", "filename": "frontend_react_app/src/app/AppShell.jsx", "fields": [{"name": "aria-label={`Switch to ${theme === \"light\" ? \"dark\" : \"light\"} mode`}", "scope": "AppShell.aria", "scopeKind": "class", "description": "unavailable"}, {"name": "const linkClass = ({ isActive }) => (isActive ? \"navlink navlink-active\" : \"navlink\");", "scope": "linkClass", "scopeKind": "class", "description": "unavailable"}, {"name": "onClick={toggleTheme}", "scope": "AppShell.onClick", "scopeKind": "class", "description": "unavailable"}]}