{"is_source_file": false, "format": "", "description": "", "external_files": [], "external_methods": [], "published": [], "classes": [], "methods": [], "calls": [], "search-terms": ["theme", "CSS variables", "light", "dark", "semantic variables"], "state": 2, "file_id": 28, "knowledge_revision": 58, "git_revision": "", "hash": "100d5e0ef30504f95956da02fea4f637", "format-version": 4, "code-base-name": "frontend_react_app", "filename": "frontend_react_app/src/styles/theme.css", "revision_history": [{"58": ""}]}