{"is_source_file": true, "format": "JavaScript (JSX/React)", "description": "This file defines a React component named HabitForm, which is a form used to create or edit a habit. It includes form fields for habit name, description, category, and color, with validation and submission handling.", "external_files": ["../../app/store/store", "../../app/store/selectors"], "external_methods": ["useAppState", "selectCategories"], "published": [], "classes": [], "methods": [{"name": "HabitForm({ initialHabit, onCancel, onSubmit })", "description": "React functional component that renders a habit creation/edit form, handling form state, validation, and submission logic.", "scope": "", "scopeKind": ""}], "calls": ["selectCategories", "useAppState", "useMemo", "useState", "setValues", "setError", "setField", "onSubmit", "onCancel"], "search-terms": ["HabitForm React component", "habit creation/edit form", "useAppState selector", "selectCategories", "categoryId", "color selection", "habit name input", "form validation"], "state": 2, "file_id": 33, "knowledge_revision": 71, "git_revision": "", "ctags": [{"_type": "tag", "name": "COLORS", "path": "/home/kavia/workspace/code-generation/habit-tracker-pro-201229-201238/frontend_react_app/src/components/habits/HabitForm.jsx", "pattern": "/^const COLORS = [$/", "language": "JavaScript", "kind": "constant"}, {"_type": "tag", "name": "HabitForm", "path": "/home/kavia/workspace/code-generation/habit-tracker-pro-201229-201238/frontend_react_app/src/components/habits/HabitForm.jsx", "pattern": "/^export default function HabitForm({ initialHabit, onCancel, onSubmit }) {$/", "language": "JavaScript", "kind": "function", "signature": "({ initialHabit, onCancel, onSubmit })"}, {"_type": "tag", "name": "values", "path": "/home/kavia/workspace/code-generation/habit-tracker-pro-201229-201238/frontend_react_app/src/components/habits/HabitForm.jsx", "pattern": "/^          value={values.categoryId}$/", "language": "JavaScript", "kind": "field", "scope": "HabitForm.value", "scopeKind": "class"}, {"_type": "tag", "name": "values", "path": "/home/kavia/workspace/code-generation/habit-tracker-pro-201229-201238/frontend_react_app/src/components/habits/HabitForm.jsx", "pattern": "/^          value={values.color}$/", "language": "JavaScript", "kind": "field", "scope": "HabitForm.value", "scopeKind": "class"}, {"_type": "tag", "name": "values", "path": "/home/kavia/workspace/code-generation/habit-tracker-pro-201229-201238/frontend_react_app/src/components/habits/HabitForm.jsx", "pattern": "/^          value={values.description}$/", "language": "JavaScript", "kind": "field", "scope": "HabitForm.value", "scopeKind": "class"}, {"_type": "tag", "name": "values", "path": "/home/kavia/workspace/code-generation/habit-tracker-pro-201229-201238/frontend_react_app/src/components/habits/HabitForm.jsx", "pattern": "/^          value={values.name}$/", "language": "JavaScript", "kind": "field", "scope": "HabitForm.value", "scopeKind": "class"}], "hash": "2ce33947665fd179ba2fab1ab959d4d9", "format-version": 4, "code-base-name": "frontend_react_app", "filename": "frontend_react_app/src/components/habits/HabitForm.jsx", "fields": [{"name": "value={values.categoryId}", "scope": "HabitForm.value", "scopeKind": "class", "description": "unavailable"}, {"name": "value={values.color}", "scope": "HabitForm.value", "scopeKind": "class", "description": "unavailable"}, {"name": "value={values.description}", "scope": "HabitForm.value", "scopeKind": "class", "description": "unavailable"}, {"name": "value={values.name}", "scope": "HabitForm.value", "scopeKind": "class", "description": "unavailable"}], "revision_history": [{"71": ""}]}