{"is_source_file": false, "format": "", "description": "", "external_files": [], "external_methods": [], "published": [], "classes": [], "methods": [], "calls": [], "search-terms": [], "state": 2, "file_id": 5, "knowledge_revision": 86, "git_revision": "e883b495820018757620960734f61b0a80527aad", "hash": "b9bba9effd4beac20e61662898b03c57", "format-version": 4, "code-base-name": "frontend_react_app", "filename": "frontend_react_app/src/App.css", "revision_history": [{"86": "e883b495820018757620960734f61b0a80527aad"}]}