{"is_source_file": false, "format": "", "description": "", "external_files": [], "external_methods": [], "published": [], "classes": [], "methods": [], "calls": [], "search-terms": [], "state": 2, "file_id": 2, "knowledge_revision": 17, "git_revision": "e883b495820018757620960734f61b0a80527aad", "hash": "d9d975cebe2ec20b6c652e1e4c12ccf0", "format-version": 4, "code-base-name": "frontend_react_app", "filename": "frontend_react_app/public/manifest.json", "revision_history": [{"17": "e883b495820018757620960734f61b0a80527aad"}]}