{"is_source_file": true, "format": "JavaScript (React JSX)", "description": "Defines a React functional component SettingsPage that manages user settings related to theme and feature flags, integrating hooks and configuration controls.", "external_files": ["../hooks/useTheme", "../app/store/store", "../app/config"], "external_methods": ["useTheme", "useAppActions", "isFeatureEnabled"], "published": ["default"], "classes": [], "methods": [{"name": "SettingsPage()", "description": "React functional component for the settings page, managing theme toggling and feature flag status display.", "scope": "", "scopeKind": ""}], "calls": ["useTheme()", "useAppActions()", "isFeatureEnabled(config, \"notifications\")", "isFeatureEnabled(config, \"export\")", "isFeatureEnabled(config, \"gamification\")"], "search-terms": ["React SettingsPage", "useTheme hook", "feature flags", "Theme toggle", "Notification feature", "Export feature", "Gamification feature", "Configuration flags"], "state": 2, "file_id": 42, "knowledge_revision": 90, "git_revision": "", "ctags": [{"_type": "tag", "name": "SettingsPage", "path": "/home/kavia/workspace/code-generation/habit-tracker-pro-201229-201238/frontend_react_app/src/pages/SettingsPage.jsx", "pattern": "/^export default function SettingsPage() {$/", "language": "JavaScript", "kind": "function", "signature": "()"}], "hash": "9e581de1bae2e37709aa2259d6fa454a", "format-version": 4, "code-base-name": "frontend_react_app", "filename": "frontend_react_app/src/pages/SettingsPage.jsx", "revision_history": [{"90": ""}]}