{"is_source_file": true, "format": "JavaScript", "description": "This file contains a Redux reducer function named 'appReducer' that manages the global application state for a Habit Tracker React app. It defines the initial state, handles various action types such as hydration, theme setting, habit and category management, and check-in operations, and exports the reducer for use in the application's store.", "external_files": ["./actions"], "external_methods": ["actionTypes"], "published": ["appReducer", "initialState"], "classes": [], "methods": [{"name": "appReducer(state, action)", "description": "Main reducer function that updates the application state based on the dispatched action.", "scope": "", "scopeKind": ""}, {"name": "upsertById", "description": "Helper function that updates or inserts an entity into a map keyed by its id."}], "calls": ["actionTypes.HYDRATE_START", "actionTypes.HYDRATE_SUCCESS", "actionTypes.HYDRATE_ERROR", "actionTypes.SET_THEME", "actionTypes.SET_ACTIVE_CATEGORY", "actionTypes.UPSERT_HABIT", "actionTypes.REMOVE_HABIT", "actionTypes.UPSERT_CATEGORY", "actionTypes.SET_CATEGORIES", "actionTypes.SET_CHECKINS", "actionTypes.UPSERT_CHECKIN"], "search-terms": ["appReducer", "hydration", "habit management", "category management", "check-in management", "theme setting", "redux reducer"], "state": 2, "file_id": 23, "knowledge_revision": 48, "git_revision": "", "ctags": [{"_type": "tag", "name": "activeCategoryId", "path": "/home/kavia/workspace/code-generation/habit-tracker-pro-201229-201238/frontend_react_app/src/app/store/reducer.js", "pattern": "/^    activeCategoryId: \"\",$/", "language": "JavaScript", "kind": "property", "scope": "initialState.ui", "scopeKind": "class"}, {"_type": "tag", "name": "appReducer", "path": "/home/kavia/workspace/code-generation/habit-tracker-pro-201229-201238/frontend_react_app/src/app/store/reducer.js", "pattern": "/^export function appReducer(state, action) {$/", "language": "JavaScript", "kind": "function", "signature": "(state, action)"}, {"_type": "tag", "name": "categoriesById", "path": "/home/kavia/workspace/code-generation/habit-tracker-pro-201229-201238/frontend_react_app/src/app/store/reducer.js", "pattern": "/^    categoriesById: {},$/", "language": "JavaScript", "kind": "property", "scope": "initialState.entities", "scopeKind": "class"}, {"_type": "tag", "name": "checkins", "path": "/home/kavia/workspace/code-generation/habit-tracker-pro-201229-201238/frontend_react_app/src/app/store/reducer.js", "pattern": "/^  checkins: {$/", "language": "JavaScript", "kind": "class", "scope": "initialState", "scopeKind": "class"}, {"_type": "tag", "name": "entities", "path": "/home/kavia/workspace/code-generation/habit-tracker-pro-201229-201238/frontend_react_app/src/app/store/reducer.js", "pattern": "/^  entities: {$/", "language": "JavaScript", "kind": "class", "scope": "initialState", "scopeKind": "class"}, {"_type": "tag", "name": "error", "path": "/home/kavia/workspace/code-generation/habit-tracker-pro-201229-201238/frontend_react_app/src/app/store/reducer.js", "pattern": "/^    error: \"\",$/", "language": "JavaScript", "kind": "property", "scope": "initialState.status", "scopeKind": "class"}, {"_type": "tag", "name": "featureFlags", "path": "/home/kavia/workspace/code-generation/habit-tracker-pro-201229-201238/frontend_react_app/src/app/store/reducer.js", "pattern": "/^    featureFlags: {},$/", "language": "JavaScript", "kind": "property", "scope": "initialState.ui", "scopeKind": "class"}, {"_type": "tag", "name": "habitsById", "path": "/home/kavia/workspace/code-generation/habit-tracker-pro-201229-201238/frontend_react_app/src/app/store/reducer.js", "pattern": "/^    habitsById: {},$/", "language": "JavaScript", "kind": "property", "scope": "initialState.entities", "scopeKind": "class"}, {"_type": "tag", "name": "hydrated", "path": "/home/kavia/workspace/code-generation/habit-tracker-pro-201229-201238/frontend_react_app/src/app/store/reducer.js", "pattern": "/^    hydrated: false,$/", "language": "JavaScript", "kind": "property", "scope": "initialState.status", "scopeKind": "class"}, {"_type": "tag", "name": "initialState", "path": "/home/kavia/workspace/code-generation/habit-tracker-pro-201229-201238/frontend_react_app/src/app/store/reducer.js", "pattern": "/^export const initialState = {$/", "language": "JavaScript", "kind": "class"}, {"_type": "tag", "name": "items", "path": "/home/kavia/workspace/code-generation/habit-tracker-pro-201229-201238/frontend_react_app/src/app/store/reducer.js", "pattern": "/^    items: [],$/", "language": "JavaScript", "kind": "property", "scope": "initialState.checkins", "scopeKind": "class"}, {"_type": "tag", "name": "loading", "path": "/home/kavia/workspace/code-generation/habit-tracker-pro-201229-201238/frontend_react_app/src/app/store/reducer.js", "pattern": "/^    loading: false,$/", "language": "JavaScript", "kind": "property", "scope": "initialState.status", "scopeKind": "class"}, {"_type": "tag", "name": "status", "path": "/home/kavia/workspace/code-generation/habit-tracker-pro-201229-201238/frontend_react_app/src/app/store/reducer.js", "pattern": "/^  status: {$/", "language": "JavaScript", "kind": "class", "scope": "initialState", "scopeKind": "class"}, {"_type": "tag", "name": "theme", "path": "/home/kavia/workspace/code-generation/habit-tracker-pro-201229-201238/frontend_react_app/src/app/store/reducer.js", "pattern": "/^    theme: \"light\",$/", "language": "JavaScript", "kind": "property", "scope": "initialState.ui", "scopeKind": "class"}, {"_type": "tag", "name": "ui", "path": "/home/kavia/workspace/code-generation/habit-tracker-pro-201229-201238/frontend_react_app/src/app/store/reducer.js", "pattern": "/^  ui: {$/", "language": "JavaScript", "kind": "class", "scope": "initialState", "scopeKind": "class"}, {"_type": "tag", "name": "upsertById", "path": "/home/kavia/workspace/code-generation/habit-tracker-pro-201229-201238/frontend_react_app/src/app/store/reducer.js", "pattern": "/^const upsertById = (map, entity) => ({ ...map, [entity.id]: entity });$/", "language": "JavaScript", "kind": "constant"}], "hash": "51eced4535bd95bf1bd284a1ff8cc9dd", "format-version": 4, "code-base-name": "frontend_react_app", "filename": "frontend_react_app/src/app/store/reducer.js", "fields": [{"name": "activeCategoryId: \"\",", "scope": "initialState.ui", "scopeKind": "class", "description": "unavailable"}, {"name": "categoriesById: {},", "scope": "initialState.entities", "scopeKind": "class", "description": "unavailable"}, {"name": "error: \"\",", "scope": "initialState.status", "scopeKind": "class", "description": "unavailable"}, {"name": "featureFlags: {},", "scope": "initialState.ui", "scopeKind": "class", "description": "unavailable"}, {"name": "habitsById: {},", "scope": "initialState.entities", "scopeKind": "class", "description": "unavailable"}, {"name": "hydrated: false,", "scope": "initialState.status", "scopeKind": "class", "description": "unavailable"}, {"name": "items: [],", "scope": "initialState.checkins", "scopeKind": "class", "description": "unavailable"}, {"name": "loading: false,", "scope": "initialState.status", "scopeKind": "class", "description": "unavailable"}, {"name": "theme: \"light\",", "scope": "initialState.ui", "scopeKind": "class", "description": "unavailable"}], "revision_history": [{"48": ""}]}