{"is_source_file": false, "format": "", "description": "", "external_files": [], "external_methods": [], "published": [], "classes": [], "methods": [], "calls": [], "search-terms": [], "state": 2, "file_id": 29, "knowledge_revision": 92, "git_revision": "eb1d5c1125df511c741cab74e1a553413ddd78e3", "hash": "781851f472582c3633545b8e2edf7bc2", "format-version": 4, "code-base-name": "frontend_react_app", "filename": "frontend_react_app/src/styles/components.css", "revision_history": [{"92": "eb1d5c1125df511c741cab74e1a553413ddd78e3"}]}