{"is_source_file": true, "format": "JavaScript (React)", "description": "This is the entry point JavaScript file for a React application, responsible for importing dependencies, rendering the main App component into the DOM, and setting up React's strict mode.", "external_files": ["./index.css", "./App"], "external_methods": ["ReactDOM.createRoot", "root.render"], "published": [], "classes": [], "methods": [{"name": "ReactDOM.createRoot", "description": "Creates a new React root for rendering the React application."}, {"name": "root.render", "description": "Renders the React component tree into the DOM node."}], "calls": ["ReactDOM.createRoot", "root.render"], "search-terms": ["index.js", "React", "ReactDOM", "StrictMode", "App", "render", "DOM"], "state": 2, "file_id": 9, "knowledge_revision": 25, "git_revision": "e883b495820018757620960734f61b0a80527aad", "ctags": [{"_type": "tag", "name": "root", "path": "/home/kavia/workspace/code-generation/habit-tracker-pro-201229-201238/frontend_react_app/src/index.js", "pattern": "/^const root = ReactDOM.createRoot(document.getElementById('root'));$/", "language": "JavaScript", "kind": "constant"}], "hash": "9fc5841375336fc175b49f8767a11383", "format-version": 4, "code-base-name": "frontend_react_app", "filename": "frontend_react_app/src/index.js", "revision_history": [{"25": "e883b495820018757620960734f61b0a80527aad"}]}