{"is_source_file": false, "format": null, "description": "", "external_files": [], "external_methods": [], "published": [], "classes": [], "methods": [], "calls": [], "search-terms": [], "state": 2, "file_id": 3, "knowledge_revision": 19, "git_revision": "e883b495820018757620960734f61b0a80527aad", "hash": "d2b40d02d5f7873d8a6713bad837edd4", "format-version": 4, "code-base-name": "frontend_react_app", "filename": "frontend_react_app/public/index.html", "revision_history": [{"19": "e883b495820018757620960734f61b0a80527aad"}]}