{"is_source_file": true, "format": "JavaScript", "description": "This file contains selector functions for a React-Redux application's state, specifically for managing habits, categories, and check-ins in a habit-tracking app. It provides functions to retrieve active and archived habits, categories, today's check-in statuses, calculate completion ratios, and compute streaks for habits.", "external_files": ["../../services/time/dates"], "external_methods": ["getLastNDaysKeys", "getTodayKey"], "published": ["selectActiveHabits", "selectArchivedHabits", "selectCategories", "selectTodayCheckinByHabitId", "computeDailyCompletion", "computeStreaksForHabit", "selectCheckinsByHabitId"], "classes": [], "methods": [{"name": "selectActiveHabits(state)", "description": "Returns an array of active (non-archived) habits, filtered by activeCategoryId when set in the UI state.", "scope": "", "scopeKind": ""}, {"name": "selectArchivedHabits(state)", "description": "Returns an array of archived habits.", "scope": "", "scopeKind": ""}, {"name": "selectCategories(state)", "description": "Returns an array of category objects, sorted by their sortOrder property.", "scope": "", "scopeKind": ""}, {"name": "selectTodayCheckinByHabitId(state)", "description": "Creates a map from habitId to boolean indicating whether the habit was completed today.", "scope": "", "scopeKind": ""}, {"name": "computeDailyCompletion({ habits, todayCompletedByHabitId })", "description": "Calculates total habits, number completed today, and completion rate.", "scope": "", "scopeKind": ""}, {"name": "computeStreaksForHabit({ habitId, checkinsByDate, todayKey = getTodayKey() })", "description": "Calculates the current streak and longest streak of completion for a given habit based on check-in data.", "scope": "", "scopeKind": ""}, {"name": "selectCheckinsByHabitId(state)", "description": "Builds a nested map of habitId to date to check-in object for quick lookups.", "scope": "", "scopeKind": ""}], "calls": ["getTodayKey", "Object.values", "Boolean", "Array.prototype.filter", "Array.prototype.sort", "Object.entries", "Set", "Math.max"], "search-terms": ["selectors.js", "habit-tracking", "checkins", "streaks", "categories", "activeHabits", "archivedHabits", "selectCheckins"], "state": 2, "file_id": 21, "knowledge_revision": 44, "git_revision": "", "ctags": [{"_type": "tag", "name": "computeDailyCompletion", "path": "/home/kavia/workspace/code-generation/habit-tracker-pro-201229-201238/frontend_react_app/src/app/store/selectors.js", "pattern": "/^export function computeDailyCompletion({ habits, todayCompletedByHabitId }) {$/", "language": "JavaScript", "kind": "function", "signature": "({ habits, todayCompletedByHabitId })"}, {"_type": "tag", "name": "computeStreaksForHabit", "path": "/home/kavia/workspace/code-generation/habit-tracker-pro-201229-201238/frontend_react_app/src/app/store/selectors.js", "pattern": "/^export function computeStreaksForHabit({ habitId, checkinsByDate, todayKey = getTodayKey() }) {$/", "language": "JavaScript", "kind": "function", "signature": "({ habitId, checkinsByDate, todayKey = getTodayKey() })"}, {"_type": "tag", "name": "selectActiveHabits", "path": "/home/kavia/workspace/code-generation/habit-tracker-pro-201229-201238/frontend_react_app/src/app/store/selectors.js", "pattern": "/^export function selectActiveHabits(state) {$/", "language": "JavaScript", "kind": "function", "signature": "(state)"}, {"_type": "tag", "name": "selectArchivedHabits", "path": "/home/kavia/workspace/code-generation/habit-tracker-pro-201229-201238/frontend_react_app/src/app/store/selectors.js", "pattern": "/^export function selectArchivedHabits(state) {$/", "language": "JavaScript", "kind": "function", "signature": "(state)"}, {"_type": "tag", "name": "selectCategories", "path": "/home/kavia/workspace/code-generation/habit-tracker-pro-201229-201238/frontend_react_app/src/app/store/selectors.js", "pattern": "/^export function selectCategories(state) {$/", "language": "JavaScript", "kind": "function", "signature": "(state)"}, {"_type": "tag", "name": "selectCheckinsByHabitId", "path": "/home/kavia/workspace/code-generation/habit-tracker-pro-201229-201238/frontend_react_app/src/app/store/selectors.js", "pattern": "/^export function selectCheckinsByHabitId(state) {$/", "language": "JavaScript", "kind": "function", "signature": "(state)"}, {"_type": "tag", "name": "selectTodayCheckinByHabitId", "path": "/home/kavia/workspace/code-generation/habit-tracker-pro-201229-201238/frontend_react_app/src/app/store/selectors.js", "pattern": "/^export function selectTodayCheckinByHabitId(state) {$/", "language": "JavaScript", "kind": "function", "signature": "(state)"}], "hash": "3991c26908fc5fa542a6594dacfd8575", "format-version": 4, "code-base-name": "frontend_react_app", "filename": "frontend_react_app/src/app/store/selectors.js", "revision_history": [{"44": ""}]}