{"is_source_file": true, "format": "JavaScript with JSX (React)", "description": "This file defines a React component 'DashboardPage' that renders the main dashboard view for a habit-tracking app. It includes check-in status, completion metrics, streak indicators, and lists active habits with options to check in or mark as incomplete.", "external_files": ["../app/store/store", "../app/store/selectors", "../components/habits/HabitCard", "../services/time/dates"], "external_methods": ["useAppActions", "useAppState", "selectActiveHabits", "selectCheckinsByHabitId", "selectTodayCheckinByHabitId", "computeDailyCompletion", "computeStreaksForHabit", "getTodayKey"], "published": [], "classes": [], "methods": [{"name": "DashboardPage()", "description": "React functional component rendering the dashboard page with check-in status, completion rate, streaks, and habit list.", "scope": "", "scopeKind": ""}], "calls": ["useAppState", "useAppActions", "selectActiveHabits", "selectTodayCheckinByHabitId", "selectCheckinsByHabitId", "computeDailyCompletion", "getTodayKey", "computeStreaksForHabit", "toggleTodayCheckin"], "search-terms": ["DashboardPage", "HabitCard", "computeDailyCompletion", "selectActiveHabits", "getTodayKey", "streaks", "check-ins", "habit list", "React JSX dashboard"], "state": 2, "file_id": 38, "knowledge_revision": 79, "git_revision": "", "ctags": [{"_type": "tag", "name": "DashboardPage", "path": "/home/kavia/workspace/code-generation/habit-tracker-pro-201229-201238/frontend_react_app/src/pages/DashboardPage.jsx", "pattern": "/^export default function DashboardPage() {$/", "language": "JavaScript", "kind": "function", "signature": "()"}], "hash": "6a9710742bd4319bbbf1a9b435a2025e", "format-version": 4, "code-base-name": "frontend_react_app", "filename": "frontend_react_app/src/pages/DashboardPage.jsx", "revision_history": [{"79": ""}]}