{"is_source_file": true, "format": "JavaScript/JSX (React component)", "description": "A React functional component named HabitTile that renders a clickable habit entry with styling, conditional elements, and optional actions.", "external_files": [], "external_methods": [], "published": ["default"], "classes": [], "methods": [{"name": "HabitTile({ habit, subtitle, completed, onToggle, meta, rightActions, })", "description": "React functional component that renders a habit tile with toggle functionality and optional right actions.", "scope": "", "scopeKind": ""}], "calls": ["React"], "search-terms": ["HabitTile", "habit", "onToggle", "rightActions", "habit-tile", "habit-title", "habit-subtitle", "habit-check"], "state": 2, "file_id": 43, "knowledge_revision": 96, "git_revision": "", "ctags": [{"_type": "tag", "name": "HabitTile", "path": "/home/kavia/workspace/code-generation/habit-tracker-pro-201229-201238/frontend_react_app/src/components/habits/HabitTile.jsx", "pattern": "/^export default function HabitTile({$/", "language": "JavaScript", "kind": "function", "signature": "({ habit, subtitle, completed, onToggle, meta, rightActions, })"}, {"_type": "tag", "name": "completed", "path": "/home/kavia/workspace/code-generation/habit-tracker-pro-201229-201238/frontend_react_app/src/components/habits/HabitTile.jsx", "pattern": "/^      aria-label={completed ? `Mark ${habit.name} incomplete for today` : `Mark ${habit.name} co/", "language": "JavaScript", "kind": "field", "scope": "HabitTile.aria", "scopeKind": "class"}, {"_type": "tag", "name": "onToggle", "path": "/home/kavia/workspace/code-generation/habit-tracker-pro-201229-201238/frontend_react_app/src/components/habits/HabitTile.jsx", "pattern": "/^      onClick={onToggle}$/", "language": "JavaScript", "kind": "field", "scope": "HabitTile.onClick", "scopeKind": "class"}], "hash": "eb567ab7f81ca60a62d0e307d9de25f0", "format-version": 4, "code-base-name": "frontend_react_app", "filename": "frontend_react_app/src/components/habits/HabitTile.jsx", "fields": [{"name": "aria-label={completed ? `Mark ${habit.name} incomplete for today` : `Mark ${habit.name} co/", "scope": "HabitTile.aria", "scopeKind": "class", "description": "unavailable"}, {"name": "onClick={onToggle}", "scope": "HabitTile.onClick", "scopeKind": "class", "description": "unavailable"}], "revision_history": [{"96": ""}]}