{"is_source_file": false, "format": "", "description": "", "external_files": [], "external_methods": [], "published": [], "classes": [], "methods": [], "calls": [], "search-terms": ["CSS variables", "theme management", "dark theme", "light theme", "React", "App.css", "responsive design", "media queries", "CSS animations", "CSS variables"], "state": 2, "file_id": 5, "knowledge_revision": 20, "git_revision": "e883b495820018757620960734f61b0a80527aad", "hash": "22f9e17cc1848b56dbb244518ac2707e", "format-version": 4, "code-base-name": "frontend_react_app", "filename": "frontend_react_app/src/App.css", "revision_history": [{"20": "e883b495820018757620960734f61b0a80527aad"}]}