{"is_source_file": true, "format": "JavaScript (React JSX)", "description": "Main application entry point for a React-based frontend, setting up global store and routing with React Router, and rendering the main app shell.", "external_files": ["./app/store/store", "./app/AppShell", "./styles/theme.css", "./styles/components.css"], "external_methods": ["React.createElement", "React.Component", "React.useState", "React.useEffect", "AppStoreProvider"], "published": ["App"], "classes": [], "methods": [{"name": "App()", "description": "Main functional component initializing the application with context provider and router.", "scope": "", "scopeKind": ""}], "calls": ["React"], "search-terms": ["React", "AppShell", "Routing", "store", "context provider", "App", "frontend entry point"], "state": 2, "file_id": 6, "knowledge_revision": 85, "git_revision": "e883b495820018757620960734f61b0a80527aad", "revision_history": [{"24": "e883b495820018757620960734f61b0a80527aad"}, {"85": "e883b495820018757620960734f61b0a80527aad"}], "ctags": [{"_type": "tag", "name": "App", "path": "/home/kavia/workspace/code-generation/habit-tracker-pro-201229-201238/frontend_react_app/src/App.js", "pattern": "/^function App() {$/", "language": "JavaScript", "kind": "function", "signature": "()"}], "hash": "85382ea2751af382b1371aeecc22de8d", "format-version": 4, "code-base-name": "frontend_react_app", "filename": "frontend_react_app/src/App.js"}