{"is_source_file": true, "format": "JavaScript", "description": "This file defines and exports a function `aggregateWeekly` which aggregates habit check-in data over a week, computing completion counts and rates per day.", "external_files": ["../time/dates"], "external_methods": ["getLastNDaysKeys"], "published": ["aggregateWeekly"], "classes": [], "methods": [{"name": "aggregateWeekly({ dayKeys, checkins, totalHabits })", "description": "Aggregates habit check-in data for a week, returning daily completion counts and rates.", "scope": "", "scopeKind": ""}], "calls": ["getLastNDaysKeys"], "search-terms": ["aggregateWeekly", "habit checkins", "weekly aggregation", "check-in data", "completion rate"], "state": 2, "file_id": 19, "knowledge_revision": 41, "git_revision": "", "ctags": [{"_type": "tag", "name": "aggregateWeekly", "path": "/home/kavia/workspace/code-generation/habit-tracker-pro-201229-201238/frontend_react_app/src/services/analytics/aggregateWeekly.js", "pattern": "/^export function aggregateWeekly({ dayKeys, checkins, totalHabits }) {$/", "language": "JavaScript", "kind": "function", "signature": "({ dayKeys, checkins, totalHabits })"}], "hash": "16969c1bfbfed210515cc50c80d6fbd3", "format-version": 4, "code-base-name": "frontend_react_app", "filename": "frontend_react_app/src/services/analytics/aggregateWeekly.js", "revision_history": [{"41": ""}]}