{"is_source_file": false, "format": "", "description": "", "external_files": [], "external_methods": [], "published": [], "classes": [], "methods": [], "calls": [], "search-terms": ["habit-tracker-pro-201229-201238", "README.md"], "state": 2, "file_id": 1, "knowledge_revision": 14, "git_revision": "27df9ef6758f20e40c329dcc2c150003889fbf7e", "hash": "93d7559864afb59ebe6f8cbc8bd094ed", "format-version": 4, "code-base-name": "frontend_react_app", "filename": "README.md", "revision_history": [{"14": "27df9ef6758f20e40c329dcc2c150003889fbf7e"}]}